rssi,ts,anchor
-77,4353562.0065155,1011110004
-74,4353562.0964534,1011110003
-66,4353562.3008957,1011110003
-46,4353562.4116032,1011110002
-65,4353562.5732872,1011110001
-46,4353562.6158853,1011110002
-49,4353562.8200891,1011110002
-76,4353562.9860809,1011110001
-54,4353563.0274334,1011110002
-71,4353563.1178696,1011110003
-78,4353563.1311483,1011110009
-50,4353563.2322190,1011110002
-74,4353563.2364223,1011110006
-55,4353563.6483729,1011110002
-73,4353563.7320187,1011110005
-71,4353563.7358503,1011110003
-71,4353563.8051820,1011110001
-48,4353563.8577909,1011110002
-60,4353564.0101278,1011110001
-43,4353564.0668082,1011110002
-73,4353564.1374617,1011110003
-54,4353564.2138851,1011110001
-64,4353564.3405137,1011110003
-58,4353564.4201131,1011110001
-52,4353564.4754720,1011110002
-62,4353564.5198908,1011110004
-71,4353564.5482702,1011110003
-61,4353564.5495818,1011110003
-61,4353564.7569914,1011110003
-76,4353564.7638776,1011110005
-58,4353564.8266635,1011110001
-63,4353564.8816614,1011110002
-74,4353564.9362955,1011110007
-68,4353564.9623234,1011110003
-75,4353564.9696276,1011110005
-72,4353565.0270386,1011110004
-73,4353565.1717720,1011110005
-68,4353565.2360871,1011110001
-70,4353565.2917588,1011110006
-60,4353565.4476392,1011110001
-68,4353565.5309956,1011110004
-68,4353565.5704496,1011110003
-57,4353565.6512940,1011110001
-70,4353565.6921484,1011110002
-74,4353565.7526643,1011110007
-59,4353565.7741091,1011110003
-57,4353565.8977034,1011110002
-79,4353565.9070690,1011110006
-72,4353566.1023688,1011110002
-76,4353566.2077098,1011110005
-56,4353566.2624707,1011110001
-62,4353566.4639688,1011110001
-77,4353566.5203378,1011110006
-70,4353566.5684097,1011110007
-52,4353566.5858903,1011110003
-72,4353566.6200414,1011110005
-72,4353566.7769749,1011110007
-50,4353566.7871263,1011110003
-73,4353566.8247592,1011110005
-74,4353566.9272528,1011110002
-46,4353566.9939129,1011110003
-71,4353567.0464089,1011110004
-70,4353567.0707250,1011110001
-72,4353567.1853676,1011110007
-74,4353567.2410178,1011110005
-71,4353567.2759545,1011110001
-48,4353567.4103072,1011110003
-62,4353567.5511026,1011110004
-49,4353567.6176093,1011110003
-51,4353567.8253057,1011110003
-73,4353567.8583772,1011110005
-70,4353567.8822219,1011110001
-53,4353568.0252254,1011110003
-60,4353568.0601046,1011110004
-66,4353568.0912597,1011110001
-60,4353568.2983768,1011110001
-81,4353568.3315532,1011110034
-67,4353568.3619709,1011110002
-56,4353568.4411881,1011110003
-69,4353568.5052848,1011110001
-76,4353568.5104280,1011110013
-59,4353568.7094550,1011110001
-72,4353568.9909129,1011110035
-62,4353568.9933405,1011110006
-71,4353569.0573568,1011110003
-80,4353569.0835676,1011110010
-61,4353569.1168411,1011110001
-74,4353569.1946812,1011110006
-77,4353569.2301030,1011110011
-67,4353569.2355754,1011110007
-59,4353569.2570889,1011110003
-67,4353569.2916737,1011110005
-74,4353569.3212304,1011110001
-78,4353569.3283446,1011110013
-63,4353569.4046717,1011110006
-60,4353569.4396715,1011110007
-72,4353569.5069246,1011110009
-62,4353569.5227013,1011110001
-59,4353569.5674424,1011110004
-73,4353569.6113980,1011110006
-69,4353569.6996789,1011110005
-72,4353569.7208216,1011110009
-70,4353569.8076527,1011110002
-57,4353569.8586757,1011110007
-65,4353569.8748424,1011110003
-83,4353569.9553857,1011110015
-77,4353570.0160241,1011110035
-55,4353570.0671017,1011110007
-68,4353570.0727048,1011110004
-78,4353570.1221514,1011110009
-69,4353570.2203915,1011110035
-70,4353570.2272189,1011110006
-75,4353570.5230095,1011110005
-53,4353570.5740693,1011110004
-71,4353570.6171556,1011110002
-63,4353570.8247366,1011110002
-46,4353570.8847330,1011110007
-72,4353570.9297588,1011110009
-70,4353571.0325630,1011110002
-51,4353571.0735006,1011110004
-43,4353571.0876122,1011110007
-62,4353571.0964208,1011110003
-67,4353571.2381656,1011110002
-74,4353571.2408991,1011110006
-43,4353571.2912021,1011110007
-68,4353571.3014596,1011110003
-78,4353571.3905375,1011110013
-72,4353571.4446175,1011110002
-43,4353571.4915478,1011110007
-60,4353571.5469966,1011110005
-72,4353571.8441494,1011110006
-46,4353571.9024997,1011110007
-58,4353571.9681356,1011110005
-70,4353572.0533855,1011110006
-76,4353572.2910888,1011110035
-67,4353572.3249996,1011110003
-60,4353572.3752265,1011110005
-54,4353572.5098307,1011110007
-75,4353572.5672183,1011110014
-75,4353573.0664363,1011110034
-71,4353573.1085143,1011110035
-57,4353573.1309607,1011110007
-67,4353573.1927078,1011110005
-55,4353573.3339832,1011110007
-76,4353573.3373425,1011110011
-53,4353573.3939445,1011110005
-70,4353573.4902611,1011110006
-65,4353573.5215178,1011110035
-76,4353573.5851076,1011110014
-58,4353573.6010234,1011110005
-69,4353573.6152668,1011110009
-73,4353573.6953037,1011110002
-74,4353573.7685668,1011110003
-75,4353573.8210340,1011110009
-76,4353573.8448012,1011110013
-53,4353573.9427204,1011110007
-63,4353574.0223749,1011110009
-74,4353574.0537128,1011110013
-62,4353574.1452999,1011110007
-70,4353574.1951635,1011110003
-69,4353574.3534198,1011110035
-56,4353574.4155765,1011110005
-63,4353574.5602794,1011110007
-75,4353574.6013925,1011110003
-76,4353574.6067896,1011110014
-68,4353574.7757092,1011110011
-74,4353574.8135474,1011110014
-76,4353574.8151274,1011120001
-69,4353574.8447340,1011110009
-69,4353574.8644156,1011110013
-74,4353574.8897340,1011110034
-56,4353574.9302480,1011110006
-67,4353574.9636109,1011110035
-72,4353574.9847689,1011110011
-73,4353575.0744710,1011110013
-72,4353575.1404030,1011110006
-68,4353575.1712513,1011110035
-58,4353575.1744285,1011110007
-74,4353575.2201707,1011120001
-60,4353575.2341602,1011110005
-67,4353575.2597806,1011110009
-75,4353575.2840953,1011110013
-73,4353575.2945099,1011110015
-74,4353575.3451831,1011110006
-56,4353575.3742931,1011110007
-71,4353575.4941919,1011110015
-54,4353575.5840995,1011110007
-73,4353575.6265242,1011120001
-72,4353575.8670411,1011110010
-78,4353575.9227726,1011110019
-73,4353575.9467759,1011110002
-55,4353575.9873924,1011110035
-66,4353576.0352235,1011110003
-51,4353576.0435684,1011110005
-70,4353576.0736315,1011110010
-77,4353576.1522081,1011110002
-56,4353576.1595194,1011110006
-60,4353576.1935892,1011110035
-61,4353576.1966903,1011110007
-54,4353576.2474842,1011110005
-78,4353576.2536612,1011110014
-67,4353576.2849669,1011110010
-73,4353576.3137038,1011110013
-73,4353576.3173740,1011110034
-59,4353576.3669603,1011110006
-73,4353576.3999796,1011110035
-69,4353576.4043889,1011110007
-60,4353576.6077354,1011110035
-69,4353576.7016001,1011110009
-73,4353576.7204230,1011110034
-57,4353576.7832122,1011110006
-56,4353576.8103480,1011110007
-75,4353576.8547759,1011110003
-62,4353577.1113694,1011110009
-72,4353577.2164743,1011110007
-73,4353577.2957530,1011110010
-72,4353577.4231012,1011110007
-74,4353577.4516678,1011110011
-73,4353577.5728650,1011110019
-70,4353577.6074212,1011110006
-65,4353577.6382158,1011110035
-59,4353577.8149507,1011110006
-71,4353577.8326306,1011110007
-56,4353577.8914287,1011110005
-67,4353577.9336042,1011110009
-75,4353577.9814301,1011110019
-59,4353578.0242240,1011110006
-58,4353578.1014140,1011110005
-75,4353578.1421428,1011110009
-69,4353578.1483543,1011110013
-67,4353578.2243788,1011110006
-79,4353578.2935596,1011120001
-76,4353578.3404529,1011110034
-71,4353578.3841703,1011110015
-73,4353578.4730237,1011120003
-64,4353578.4780388,1011110011
-71,4353578.5583837,1011110009
-77,4353578.6849248,1011110011
-68,4353578.7057407,1011110014
-74,4353578.7098572,1011110005
-69,4353578.7474618,1011110034
-70,4353578.7654395,1011110009
-74,4353578.8051765,1011110019
-67,4353578.8675325,1011110035
-65,4353578.8937211,1011110011
-76,4353578.9423976,1011110020
-57,4353579.0478897,1011110006
-72,4353579.1062002,1011120001
-72,4353579.1643622,1011110033
-78,4353579.2175384,1011110019
-73,4353579.2508450,1011110006
-73,4353579.2702084,1011110035
-75,4353579.3158617,1011120001
-75,4353579.3597651,1011110010
-57,4353579.3753393,1011110009
-77,4353579.4274199,1011110021
-56,4353579.4513953,1011110006
-63,4353579.4806831,1011110035
-76,4353579.4843869,1011110007
-79,4353579.5111573,1011110003
-78,4353579.5149381,1011120001
-58,4353579.5267646,1011110005
-73,4353579.5731320,1011110033
-62,4353579.5749278,1011110009
-50,4353579.6501949,1011110006
-75,4353579.6964712,1011110016
-75,4353579.7354259,1011110014
-73,4353579.8275414,1011110015
-65,4353579.8879805,1011110035
-80,4353579.9036951,1011120003
-57,4353579.9319725,1011110005
-77,4353579.9440510,1011110014
-69,4353579.9776423,1011110013
-70,4353580.0667272,1011110006
-59,4353580.0980418,1011110035
-69,4353580.1136649,1011110011
-72,4353580.1541462,1011110014
-70,4353580.1802306,1011110013
-54,4353580.2704525,1011110006
-71,4353580.3056543,1011110007
-72,4353580.3540721,1011110014
-65,4353580.3872447,1011110034
-71,4353580.3919947,1011110033
-76,4353580.4431503,1011110019
-79,4353580.4561329,1011110021
-52,4353580.4744363,1011110006
-76,4353580.5100279,1011110007
-69,4353580.5143859,1011120002
-67,4353580.5941238,1011110013
-69,4353580.5968547,1011110034
-80,4353580.6016955,1011110033
-50,4353580.6857028,1011110006
-73,4353580.7258337,1011120002
-71,4353580.7268112,1011110011
-67,4353580.8103631,1011110009
-72,4353580.9199443,1011110007
-73,4353580.9216883,1011120002
-63,4353580.9571047,1011110005
-73,4353580.9617386,1011110014
-72,4353581.1116765,1011110035
-70,4353581.1303620,1011110007
-96,4353581.1339445,1011110011
-71,4353581.1479497,1011120001
-70,4353581.1703093,1011110014
-57,4353581.2227802,1011110009
-73,4353581.2625675,1011110019
-66,4353581.4146986,1011110034
-71,4353581.4302192,1011110009
-79,4353581.4604566,1011110015
-78,4353581.4651661,1011110019
-69,4353581.5058491,1011110006
-72,4353581.5530400,1011120001
-55,4353581.7100112,1011110006
-61,4353581.8265965,1011110034
-81,4353581.8638186,1011110029
-78,4353581.8920729,1011110021
-67,4353581.9561932,1011110011
-69,4353581.9804759,1011110005
-68,4353582.0306318,1011110010
-77,4353582.1617312,1011110016
-68,4353582.1637020,1011110011
-75,4353582.1852126,1011110005
-84,4353582.2553265,1011110009
-70,4353582.2754514,1011110015
-73,4353582.2817335,1011110029
-56,4353582.3431926,1011110035
-73,4353582.3634048,1011110016
-67,4353582.3737240,1011110011
-71,4353582.3767345,1011120001
-74,4353582.4573665,1011110033
-67,4353582.4633584,1011110009
-74,4353582.5718904,1011110016
-58,4353582.5740392,1011110011
-62,4353582.6409917,1011110010
-69,4353582.6462407,1011110034
-80,4353582.7201970,1011120004
-60,4353582.7549934,1011110035
-71,4353582.7910640,1011120003
-69,4353582.8186235,1011110014
-66,4353582.8540919,1011110013
-55,4353582.8571012,1011110034
-64,4353582.8727143,1011110009
-72,4353582.9458935,1011110006
-75,4353582.9927430,1011120003
-57,4353583.0597737,1011110034
-78,4353583.0880058,1011110015
-62,4353583.1461370,1011110006
-65,4353583.1855350,1011110011
-74,4353583.2305546,1011110014
-67,4353583.2461841,1011110010
-62,4353583.2614024,1011110034
-69,4353583.2654605,1011110033
-74,4353583.2680390,1011110013
-69,4353583.2974520,1011110015
-76,4353583.3209169,1011110019
-59,4353583.3677638,1011110035
-71,4353583.3929436,1011110016
-49,4353583.4512188,1011110010
-71,4353583.5778401,1011120002
-67,4353583.6053586,1011120001
-70,4353583.6373849,1011110014
-50,4353583.6506095,1011110010
-80,4353583.6824272,1011110033
-69,4353583.6851389,1011110009
-76,4353583.7273986,1011110021
-60,4353583.7740755,1011110035
-69,4353583.8114247,1011120003
-55,4353583.8131220,1011120001
-82,4353583.8912809,1011110009
-49,4353583.9741015,1011110035
-55,4353583.9936502,1011110011
-63,4353584.0125675,1011120001
-73,4353584.0151539,1011120003
-58,4353584.0872188,1011110013
-61,4353584.1126814,1011110015
-71,4353584.1430569,1011110019
-54,4353584.1768341,1011110035
-60,4353584.1928999,1011110011
-69,4353584.1982577,1011120002
-52,4353584.2225208,1011120001
-62,4353584.2532761,1011110014
-47,4353584.2631710,1011110010
-60,4353584.2935390,1011110013
-66,4353584.3167400,1011110015
-72,4353584.3466229,1011110019
-67,4353584.3783777,1011110035
-70,4353584.4103179,1011110016
-45,4353584.4262612,1011120001
-51,4353584.4639339,1011110010
-79,4353584.5074558,1011110033
-79,4353584.5523338,1011110021
-70,4353584.5826137,1011110006
-59,4353584.5837567,1011110035
-67,4353584.6125047,1011110016
-79,4353584.6268463,1011110005
-67,4353584.7124836,1011110033
-79,4353584.8074915,1011110007
-73,4353584.8201039,1011110016
-52,4353584.9987471,1011110035
-65,4353585.0480084,1011120003
-69,4353585.0818174,1011110014
-54,4353585.1053991,1011110034
-66,4353585.1253748,1011110033
-78,4353585.1340425,1011110009
-79,4353585.1902449,1011120004
-71,4353585.1979351,1011110006
-55,4353585.2512496,1011120001
-68,4353585.2554240,1011120003
-56,4353585.2805684,1011110010
-77,4353585.3337665,1011110018
-74,4353585.3703189,1011110021
-59,4353585.4050815,1011110035
-56,4353585.4240756,1011110011
-56,4353585.4587514,1011120001
-71,4353585.4604144,1011120003
-72,4353585.4828117,1011110010
-71,4353585.4855888,1011110014
-72,4353585.4918792,1011110020
-51,4353585.5117741,1011110034
-54,4353585.5217032,1011110013
-74,4353585.5446577,1011110015
-78,4353585.5754037,1011110024
-67,4353585.5872726,1011110019
-62,4353585.6317215,1011110011
-73,4353585.6402338,1011110023
-76,4353585.6606004,1011120001
-83,4353585.6647282,1011120003
-65,4353585.7221000,1011110013
-63,4353585.7388330,1011110033
-71,4353585.7503502,1011110015
-69,4353585.7957051,1011110019
-73,4353585.8270583,1011110007
-57,4353585.8417614,1011120002
-77,4353585.8511784,1011110016
-50,4353585.9308069,1011110013
-72,4353585.9455333,1011110033
-74,4353586.0028999,1011110019
-74,4353586.0067167,1011120004
-77,4353586.0563843,1011110005
-61,4353586.0965445,1011110010
-76,4353586.1525242,1011110018
-70,4353586.2049861,1011110019
-74,4353586.2100420,1011120004
-89,4353586.2763970,1011120003
-63,4353586.3051715,1011110014
-73,4353586.3529162,1011110018
-75,4353586.3601143,1011110009
-62,4353586.3633673,1011110015
-68,4353586.3933752,1011110021
-80,4353586.4109805,1011110019
-63,4353586.4237256,1011110035
-69,4353586.4263120,1011110006
-79,4353586.4415419,1011110007
-61,4353586.4582534,1011110011
-72,4353586.4742577,1011110016
-61,4353586.4818125,1011120001
-70,4353586.5055232,1011110022
-73,4353586.5129373,1011110020
-61,4353586.5450113,1011110013
-52,4353586.5474367,1011110034
-75,4353586.5615125,1011110018
-55,4353586.5697072,1011110015
-60,4353586.6253912,1011110035
-80,4353586.6342175,1011110006
-71,4353586.6569295,1011120002
-60,4353586.6835022,1011120003
-48,4353586.7051120,1011110014
-70,4353586.7130561,1011110020
-78,4353586.7200086,1011120006
-59,4353586.7469134,1011110034
-58,4353586.7534182,1011110013
-58,4353586.7780654,1011110015
-71,4353586.7863159,1011110029
-60,4353586.8337162,1011110035
-79,4353586.8438890,1011110006
-74,4353586.8713996,1011110023
-59,4353586.8952029,1011120001
-89,4353586.9655764,1011110033
-63,4353586.9846704,1011110015
-73,4353587.0233448,1011110019
-77,4353587.0527630,1011110007
-68,4353587.0701084,1011110011
-67,4353587.1016040,1011120001
-36,4353587.1201906,1011110014
-47,4353587.1673017,1011110013
-82,4353587.2072997,1011110021
-65,4353587.2245982,1011110019
-67,4353587.2563951,1011110032
-69,4353587.2940977,1011110016
-45,4353587.3198085,1011110014
-47,4353587.3667853,1011110013
-57,4353587.4427884,1011110035
-70,4353587.4741881,1011120002
-61,4353587.5023425,1011110016
-61,4353587.5048771,1011120003
-59,4353587.5317924,1011110010
-56,4353587.5560856,1011110034
-73,4353587.5841038,1011110018
-74,4353587.6099594,1011110021
-66,4353587.6838300,1011120002
-59,4353587.7050636,1011110016
-68,4353587.7172964,1011120001
-50,4353587.7304263,1011110014
-74,4353587.7334385,1011110020
-56,4353587.7630186,1011110034
-69,4353587.7738433,1011110013
-76,4353587.8677289,1011110006
-78,4353587.8844600,1011120002
-71,4353587.8979902,1011110011
-70,4353587.9274774,1011120005
-61,4353588.0068886,1011110015
-73,4353588.0157995,1011110029
-77,4353588.0440924,1011110026
-74,4353588.0484402,1011110019
-72,4353588.1007299,1011110011
-57,4353588.1969326,1011110033
-77,4353588.2713771,1011120004
-69,4353588.3028741,1011110011
-78,4353588.3168373,1011110005
-69,4353588.3463554,1011110020
-74,4353588.4902058,1011110032
-69,4353588.5124955,1011110011
-55,4353588.5532975,1011110014
-79,4353588.5567529,1011110022
-50,4353588.5856051,1011110034
-66,4353588.6000912,1011110033
-70,4353588.6714177,1011110019
-55,4353588.7231388,1011120003
-55,4353588.7267449,1011110016
-50,4353588.7568431,1011110014
-74,4353588.7605336,1011110022
-63,4353588.8170786,1011110018
-61,4353588.9321113,1011110016
-62,4353588.9610162,1011110010
-61,4353588.9975469,1011110034
-54,4353589.0269947,1011110015
-63,4353589.0813212,1011110019
-73,4353589.1239650,1011120002
-55,4353589.1268351,1011120003
-58,4353589.2067575,1011110034
-54,4353589.2150800,1011110033
-62,4353589.2363358,1011110015
-59,4353589.3356514,1011120003
-75,4353589.3365295,1011110005
-39,4353589.3388021,1011110016
-59,4353589.4113181,1011110013
-56,4353589.4160066,1011110033
-81,4353589.4998364,1011110006
-72,4353589.5678892,1011120005
-53,4353589.6226883,1011110033
-62,4353589.6335447,1011110018
-63,4353589.6943157,1011110035
-72,4353589.7401843,1011120002
-37,4353589.7461290,1011110016
-71,4353589.7580774,1011120001
-73,4353589.7824516,1011110010
-60,4353589.7882881,1011110014
-69,4353589.8598800,1011110021
-69,4353589.9577763,1011110023
-74,4353589.9675653,1011120001
-74,4353589.9861794,1011110010
-61,4353589.9913564,1011110022
-66,4353589.9961915,1011110014
-56,4353590.0435903,1011110015
-62,4353590.0476308,1011110018
-77,4353590.1122530,1011110006
-77,4353590.1301918,1011110007
-43,4353590.1552398,1011110016
-74,4353590.1658211,1011110023
-75,4353590.1769185,1011120001
-77,4353590.1982694,1011110014
-77,4353590.2079999,1011110031
-70,4353590.2304821,1011110013
-70,4353590.2644277,1011110021
-61,4353590.3241732,1011110019
-73,4353590.3710053,1011110023
-68,4353590.3880038,1011120005
-68,4353590.4005752,1011110020
-53,4353590.4063058,1011110014
-74,4353590.4154685,1011120006
-62,4353590.4375498,1011110013
-57,4353590.4418068,1011110034
-70,4353590.5039856,1011120004
-60,4353590.5206850,1011110035
-70,4353590.5608492,1011120002
-50,4353590.5667610,1011110016
-77,4353590.6181483,1011120006
-57,4353590.6453152,1011110034
-52,4353590.7706676,1011110016
-73,4353590.8000674,1011120005
-75,4353590.8227458,1011120006
-73,4353590.8879490,1011110029
-71,4353590.9167271,1011120004
-74,4353590.9279392,1011110024
-55,4353590.9404292,1011110019
-80,4353590.9450531,1011110007
-56,4353590.9811022,1011110016
-58,4353591.0744548,1011110015
-68,4353591.1208470,1011120004
-69,4353591.1334534,1011110024
-70,4353591.1373444,1011110006
-73,4353591.1689436,1011120002
-85,4353591.1833074,1011110016
-71,4353591.1956394,1011120001
-61,4353591.2228642,1011110020
-74,4353591.2277520,1011110014
-68,4353591.2810073,1011110015
-75,4353591.3751624,1011110011
-75,4353591.3917985,1011110005
-65,4353591.4241772,1011110020
-61,4353591.4318604,1011120006
-68,4353591.4666972,1011110033
-54,4353591.4677069,1011110034
-71,4353591.5548797,1011110032
-78,4353591.5818274,1011120002
-70,4353591.6365962,1011110014
-68,4353591.6444178,1011110022
-72,4353591.6705513,1011110013
-58,4353591.6731086,1011110034
-75,4353591.7306919,1011110026
-73,4353591.7352481,1011120004
-54,4353591.7988279,1011110016
-62,4353591.8252189,1011110020
-60,4353591.8413899,1011110014
-67,4353591.8448374,1011120006
-70,4353591.8514791,1011110022
-85,4353591.8723609,1011110013
-62,4353591.8743353,1011110033
-58,4353591.8875604,1011110018
-60,4353591.9704816,1011110019
-55,4353592.0018425,1011110016
-47,4353592.0786834,1011110033
-48,4353592.0801046,1011110033
-54,4353592.0843797,1011110034
-68,4353592.0900998,1011110018
-56,4353592.1451232,1011120004
-62,4353592.1726625,1011110019
-55,4353592.2019477,1011110016
-73,4353592.2129660,1011120003
-74,4353592.2180498,1011120005
-71,4353592.2371335,1011110020
-75,4353592.2451456,1011110010
-53,4353592.2856386,1011110033
-52,4353592.2976637,1011110018
-79,4353592.3681746,1011110024
-63,4353592.3819394,1011110019
-82,4353592.3901236,1011110011
-56,4353592.4113469,1011110016
-74,4353592.4211223,1011110023
-68,4353592.4256766,1011120005
-65,4353592.4443884,1011110020
-71,4353592.4454858,1011110010
-77,4353592.4488783,1011110031
-61,4353592.4544289,1011110014
-69,4353592.5139494,1011110021
-74,4353592.5782013,1011110006
-53,4353592.6151912,1011110016
-72,4353592.6227658,1011110023
-74,4353592.6513915,1011110010
-63,4353592.6544371,1011110014
-59,4353592.6664898,1011120006
-54,4353592.6956201,1011110034
-37,4353592.7113123,1011110018
-76,4353592.8306315,1011110023
-75,4353592.8419657,1011120001
-78,4353592.8704381,1011120006
-54,4353592.9033899,1011110034
-52,4353592.9061038,1011110033
-73,4353592.9080758,1011110013
-72,4353592.9642491,1011110026
-74,4353592.9802680,1011120004
-59,4353592.9931266,1011110032
-56,4353592.9965394,1011110019
-77,4353593.0206411,1011120002
-63,4353593.0231423,1011110016
-70,4353593.1644914,1011110026
-61,4353593.2007129,1011110019
-72,4353593.2853415,1011110022
-73,4353593.3207543,1011110027
-53,4353593.4001951,1011110019
-58,4353593.4368579,1011110016
-76,4353593.4475081,1011120003
-68,4353593.4790668,1011110014
-76,4353593.5289955,1011110013
-74,4353593.5514324,1011110029
-75,4353593.5998380,1011110024
-51,4353593.6143537,1011110019
-75,4353593.6272659,1011110011
-59,4353593.6624870,1011120005
-67,4353593.8071427,1011110035
-57,4353593.8518040,1011110016
-68,4353593.8575878,1011110023
-73,4353593.9099524,1011110022
-62,4353593.9205198,1011110033
-46,4353593.9457388,1011110018
-77,4353593.9807942,1011110026
-68,4353594.0104258,1011110032
-52,4353594.0174026,1011110019
-76,4353594.0431418,1011110011
-57,4353594.0642514,1011120005
-54,4353594.1512048,1011110018
-71,4353594.1819253,1011110026
-69,4353594.2186961,1011110032
-76,4353594.2231226,1011110035
-73,4353594.2252288,1011110019
-57,4353594.2842295,1011110020
-55,4353594.3342321,1011110033
-58,4353594.3411117,1011110034
-78,4353594.3611560,1011110013
-74,4353594.4243729,1011110024
-70,4353594.4276009,1011110035
-54,4353594.4318099,1011110019
-56,4353594.4598966,1011110016
-66,4353594.4676332,1011120003
-72,4353594.4869747,1011110010
-65,4353594.4898536,1011110020
-69,4353594.5171804,1011120006
-70,4353594.5469711,1011110015
-61,4353594.5504651,1011110034
-60,4353594.6307514,1011110032
-70,4353594.6370182,1011110035
-69,4353594.7020700,1011110014
-81,4353594.7363794,1011110030
-58,4353594.7514980,1011110034
-61,4353594.7630870,1011110021
-49,4353594.8456633,1011110019
-62,4353594.8873270,1011120005
-55,4353594.9057474,1011110020
-61,4353594.9445789,1011110033
-57,4353594.9640565,1011110021
-55,4353594.9669769,1011110018
-57,4353595.0346146,1011110032
-86,4353595.0930486,1011110023
-72,4353595.0968709,1011110010
-75,4353595.1281111,1011110031
-60,4353595.1531663,1011110033
-57,4353595.1707375,1011110018
-70,4353595.2414000,1011110024
-73,4353595.2753878,1011110016
-72,4353595.2969832,1011110023
-59,4353595.3004849,1011120005
-68,4353595.3531511,1011110033
-57,4353595.3648968,1011110034
-72,4353595.3905115,1011110029
-71,4353595.4511268,1011110032
-54,4353595.4582813,1011110019
-74,4353595.4779625,1011110011
-73,4353595.4826012,1011120003
-50,4353595.5198810,1011110020
-74,4353595.5343316,1011110031
-62,4353595.5733013,1011110034
-73,4353595.6527605,1011110006
-59,4353595.6585979,1011110032
-51,4353595.6631122,1011110019
-73,4353595.6833124,1011120003
-62,4353595.7108464,1011120005
-68,4353595.7126963,1011110023
-59,4353595.7269258,1011110020
-63,4353595.7851255,1011110034
-61,4353595.8940938,1011110016
-43,4353595.9301736,1011110020
-77,4353595.9655588,1011110015
-64,4353595.9682269,1011110022
-57,4353595.9835386,1011110021
-63,4353595.9963193,1011110018
-68,4353595.9982877,1011110013
-55,4353596.0757818,1011110019
-41,4353596.1367805,1011110020
-75,4353596.1464653,1011110031
-64,4353596.1756375,1011110033
-66,4353596.2008359,1011110018
-78,4353596.2329681,1011110026
-45,4353596.2757723,1011110019
-61,4353596.3228202,1011110023
-35,4353596.3414643,1011110020
-74,4353596.3506782,1011110031
-73,4353596.3772707,1011110015
-57,4353596.4106691,1011110018
-76,4353596.4169564,1011110029
-71,4353596.4376161,1011110026
-69,4353596.5234749,1011110023
-62,4353596.5345030,1011120005
-73,4353596.5518355,1011110014
-57,4353596.5832822,1011110022
-60,4353596.5870769,1011110033
-78,4353596.5927486,1011110030
-74,4353596.6176271,1011110029
-70,4353596.6776350,1011110024
-56,4353596.6819444,1011110032
-83,4353596.7133772,1011110016
-69,4353596.7612188,1011110014
-51,4353596.7768545,1011120006
-73,4353596.7902925,1011110034
-56,4353596.7924013,1011110033
-61,4353596.8219094,1011110018
-75,4353596.8839476,1011110024
-52,4353596.9558845,1011110020
-73,4353596.9724064,1011110031
-56,4353597.0043576,1011110021
-73,4353597.0432558,1011110026
-76,4353597.0707190,1011120004
-64,4353597.0933356,1011110035
-63,4353597.0947022,1011110032
-60,4353597.1303687,1011110023
-71,4353597.1352482,1011110010
-53,4353597.1562929,1011110020
-63,4353597.1854415,1011120006
-71,4353597.1899378,1011110015
-52,4353597.2121241,1011110021
-62,4353597.2475705,1011110026
-74,4353597.2512686,1011110025
-55,4353597.3000138,1011110019
-74,4353597.3299539,1011110023
-49,4353597.3612740,1011110020
-57,4353597.4009690,1011110022
-55,4353597.4071946,1011110033
-52,4353597.5115747,1011110032
-75,4353597.5514596,1011120003
-77,4353597.6431477,1011110029
-73,4353597.7374282,1011110023
-69,4353597.7977717,1011110014
-76,4353597.8162489,1011110030
-71,4353597.8221951,1011110034
-63,4353597.8527212,1011110018
-71,4353597.9161451,1011110019
-70,4353597.9462211,1011110016
-72,4353597.9729490,1011120005
-59,4353598.0041769,1011120006
-52,4353598.0076609,1011110022
-53,4353598.0310428,1011110021
-58,4353598.1159997,1011110019
-54,4353598.1207106,1011110032
-71,4353598.1840365,1011110020
-55,4353598.2031114,1011120006
-55,4353598.2146602,1011110022
-54,4353598.2320964,1011110021
-67,4353598.2372971,1011110034
-70,4353598.2744737,1011110026
-69,4353598.3240693,1011110032
-82,4353598.3345995,1011110006
-58,4353598.3853481,1011110020
-72,4353598.3939736,1011110031
-66,4353598.4127581,1011110014
-55,4353598.4173398,1011110022
-67,4353598.4402993,1011110034
-64,4353598.5348487,1011110035
-78,4353598.5656736,1011120001
-49,4353598.5931082,1011110020
-69,4353598.6035204,1011110031
-54,4353598.6273432,1011110022
-70,4353598.7437940,1011110035
-75,4353598.7732608,1011120001
-64,4353598.8000698,1011110020
-75,4353598.8140671,1011110014
-59,4353598.8165903,1011120006
-54,4353598.8336627,1011110033
-71,4353598.9367344,1011110024
-78,4353598.9534299,1011110011
-73,4353599.0112898,1011110031
-75,4353599.0247002,1011110027
-49,4353599.0453670,1011110022
-53,4353599.1739826,1011110023
-66,4353599.2245393,1011110014
-45,4353599.2515569,1011110022
-63,4353599.2635753,1011110034
-75,4353599.2671289,1011110013
-73,4353599.2864964,1011110029
-71,4353599.2916324,1011110018
-73,4353599.3500285,1011110035
-67,4353599.3541172,1011110019
-54,4353599.3837547,1011110023
-78,4353599.4312618,1011110014
-63,4353599.4328809,1011120006
-67,4353599.4583838,1011110022
-54,4353599.4616728,1011110021
-64,4353599.4933629,1011110018
-76,4353599.5034511,1011110025
-52,4353599.5941131,1011110023
-88,4353599.6252720,1011110020
-61,4353599.6554320,1011110033
-70,4353599.7111092,1011110025
-55,4353599.8019619,1011110023
-62,4353599.8245378,1011110020
-58,4353599.8303332,1011110031
-56,4353599.8610628,1011110033
-69,4353599.9220293,1011110026
-56,4353600.0020168,1011110023
-74,4353600.0176272,1011120005
-60,4353600.0377767,1011110031
-69,4353600.0443692,1011110014
-56,4353600.0671084,1011110033
-62,4353600.0722921,1011110021
-62,4353600.1258130,1011110026
-73,4353600.1557338,1011110024
-71,4353600.2268078,1011120005
-68,4353600.2551799,1011120006
-60,4353600.2815266,1011110021
-71,4353600.3124378,1011110018
-84,4353600.3402610,1011120004
-56,4353600.3756831,1011110032
-75,4353600.3777859,1011110007
-81,4353600.4257598,1011120005
-67,4353600.4575560,1011120006
-54,4353600.4845519,1011110022
-65,4353600.4962916,1011110013
-71,4353600.5130820,1011110029
-71,4353600.5290351,1011110025
-54,4353600.5787013,1011110032
-73,4353600.5830822,1011110035
-75,4353600.6088786,1011110010
-68,4353600.6419909,1011110020
-58,4353600.6485860,1011110031
-69,4353600.6750195,1011110030
-72,4353600.6910274,1011110021
-62,4353600.7379410,1011110025
-68,4353600.7867649,1011110035
-64,4353600.8460703,1011110020
-59,4353600.8533592,1011110031
-70,4353600.8559141,1011110014
-78,4353600.8583820,1011110027
-58,4353600.8872490,1011110033
-65,4353600.9411650,1011110025
-66,4353600.9436474,1011110026
-71,4353600.9908259,1011110035
-76,4353600.9965389,1011110011
-48,4353601.0303736,1011110023
-59,4353601.0603435,1011110031
-77,4353601.0825400,1011110030
-68,4353601.0929880,1011110033
-72,4353601.1820321,1011110024
-46,4353601.2345152,1011110023
-78,4353601.2441478,1011120005
-73,4353601.2604291,1011110027
-59,4353601.2625830,1011110031
-79,4353601.2948954,1011110033
-68,4353601.2972226,1011110022
-70,4353601.3308780,1011110034
-61,4353601.3877685,1011110024
-60,4353601.3935084,1011110032
-68,4353601.3977983,1011110035
-64,4353601.4777827,1011120006
-57,4353601.5003994,1011110022
-77,4353601.5134592,1011110013
-68,4353601.5429676,1011110029
-60,4353601.5950298,1011110024
-75,4353601.6022537,1011110035
-58,4353601.6660550,1011110031
-67,4353601.6840839,1011120006
-72,4353601.6972086,1011110030
-73,4353601.7438710,1011110018
-73,4353601.7512212,1011110028
-70,4353601.7734482,1011110025
-50,4353601.8038490,1011110032
-62,4353601.8175471,1011110019
-80,4353601.8329604,1011110010
-75,4353601.8408418,1011120001
-61,4353601.8724184,1011110031
-59,4353601.8783407,1011110020
-76,4353601.9016402,1011110030
-67,4353602.0218849,1011110019
-76,4353602.0747559,1011110027
-69,4353602.0803394,1011110020
-72,4353602.1082251,1011110033
-68,4353602.1419933,1011110021
-61,4353602.1475899,1011110034
-74,4353602.1771679,1011110026
-68,4353602.2309580,1011110019
-54,4353602.2676125,1011110023
-75,4353602.2833149,1011110020
-68,4353602.3042147,1011120006
-67,4353602.3545632,1011110034
-58,4353602.3852341,1011110026
-54,4353602.4142444,1011110032
-47,4353602.4165809,1011110024
-76,4353602.4354391,1011110016
-80,4353602.5204315,1011110030
-67,4353602.5528953,1011110034
-72,4353602.5568120,1011110021
-76,4353602.5617917,1011110029
-67,4353602.5640972,1011110018
-58,4353602.5878110,1011110026
-57,4353602.6177716,1011110032
-76,4353602.6230438,1011120002
-74,4353602.6754026,1011110023
-74,4353602.7384281,1011110013
-60,4353602.7933517,1011110026
-52,4353602.8785574,1011110023
-73,4353602.8917556,1011110014
-92,4353602.9409847,1011110022
-63,4353603.2148709,1011110025
-60,4353603.2854481,1011110023
-71,4353603.3007214,1011110014
-70,4353603.3120811,1011120006
-69,4353603.3406751,1011110030
-68,4353603.3683798,1011110034
-66,4353603.5471756,1011110030
-57,4353603.6104412,1011110026
-57,4353603.6444442,1011110032
-71,4353603.7244685,1011120006
-77,4353603.7310407,1011110020
-63,4353603.7622435,1011110022
-75,4353603.7855899,1011110021
-69,4353603.7878385,1011110029
-58,4353603.8534129,1011110032
-68,4353603.9186966,1011110014
-66,4353603.9780617,1011110034
-72,4353603.9945457,1011110021
-47,4353604.0521901,1011110024
-59,4353604.0559094,1011110032
-67,4353604.1570933,1011110030
-55,4353604.1736605,1011110022
-66,4353604.1779208,1011110034
-51,4353604.2521572,1011110024
-67,4353604.3253655,1011110027
-65,4353604.3859279,1011110034
-54,4353604.5061436,1011110023
-57,4353604.6374328,1011110026
-61,4353604.6540401,1011110025
-68,4353604.7263844,1011110014
-64,4353604.7469411,1011110020
-58,4353604.8445728,1011110026
-65,4353604.8619015,1011110025
-43,4353604.8772118,1011110024
-72,4353604.9070740,1011110006
